window_open_time,decision,final_decision,confidence,score,model_prob,rsi,ma_signal,volume_signal,actual_direction,window_open,window_close,correct,skipped,fee_eroded,edge_pct
1785857960788,SKIP,SKIP,,0.0,0.5,50.0,0,0,DOWN,100000.0,99949.81604753894,,True,False,0.0
1785858860788,SKIP,SKIP,,-0.25,0.4625,35.58576975261924,-1,0,UP,99949.81604753894,100130.1017701029,,True,False,0.0
1785859760788,SKIP,SKIP,,-0.15000000000000002,0.4775,80.5705266072099,1,0,UP,100130.1017701029,100222.89934682747,,True,False,0.0
1785860660788,SKIP,SKIP,,-0.15000000000000002,0.4775,85.95795115571482,1,0,UP,100222.89934682747,100262.36274050629,,True,False,0.0
1785861560788,SKIP,SKIP,,-0.15000000000000002,0.4775,70.72021310712134,1,0,DOWN,100262.36274050629,100124.77019668327,,True,False,0.0
1785862460788,SKIP,SKIP,,0.15000000000000002,0.5225,22.51697656036339,-1,0,DOWN,100124.77019668327,99987.16800481775,,True,False,0.0
1785863360788,SKIP,SKIP,,0.15000000000000002,0.5225,10.59892811593501,-1,0,DOWN,99987.16800481775,99810.40144968503,,True,False,0.0
1785864260788,SKIP,SKIP,,0.15000000000000002,0.5225,4.421963242860443,-1,0,UP,99810.40144968503,99956.87190799501,,True,False,0.0
1785865160788,SKIP,SKIP,,0.25,0.5375,60.091803875308145,1,0,UP,99956.87190799501,99997.31791269229,,True,False,0.0
1785866060788,SKIP,SKIP,,-0.15000000000000002,0.4775,71.94920291489751,1,0,UP,99997.31791269229,100080.54694381071,,True,False,0.0
1785866960788,SKIP,SKIP,,-0.15000000000000002,0.4775,73.65272415318218,1,0,DOWN,100080.54694381071,99888.78074152903,,True,False,0.0
1785867860788,SKIP,SKIP,,0.15000000000000002,0.5225,26.793669536587274,-1,0,UP,99888.78074152903,100076.74468239382,,True,False,0.0
1785868760788,SKIP,SKIP,,-0.15000000000000002,0.4775,75.50053130112664,1,0,UP,100076.74468239382,100209.721738714,,True,False,0.0
1785869660788,SKIP,SKIP,,-0.15000000000000002,0.4775,77.4808234924161,1,0,DOWN,100209.721738714,100094.6573829853,,True,False,0.0
1785870560788,SKIP,SKIP,,-0.25,0.4625,34.398448934367295,-1,0,DOWN,100094.6573829853,99967.38736986814,,True,False,0.0
1785871460788,SKIP,SKIP,,0.15000000000000002,0.5225,18.75523051315119,-1,0,DOWN,99967.38736986814,99840.74917380951,,True,False,0.0
1785872360788,SKIP,SKIP,,0.15000000000000002,0.5225,12.367113721344865,-1,0,DOWN,99840.74917380951,99762.44607099333,,True,False,0.0
1785873260788,SKIP,SKIP,,0.15000000000000002,0.5225,18.88442497565204,-1,0,UP,99762.44607099333,99772.34864364623,,True,False,0.0
1785874160788,SKIP,SKIP,,0.25,0.5375,41.95125348900178,1,0,DOWN,99772.34864364623,99745.12665110307,,True,False,0.0
1785875060788,SKIP,SKIP,,-0.25,0.4625,38.30160844818359,-1,0,DOWN,99745.12665110307,99661.61830718229,,True,False,0.0
1785875960788,SKIP,SKIP,,0.15000000000000002,0.5225,24.246114447886328,-1,0,UP,99661.61830718229,99706.35946507125,,True,False,0.0
1785876860788,SKIP,SKIP,,0.25,0.5375,46.959475031858176,1,0,DOWN,99706.35946507125,99562.15700933206,,True,False,0.0
1785877760788,SKIP,SKIP,,0.15000000000000002,0.5225,23.989069799827234,-1,0,DOWN,99562.15700933206,99479.01486874615,,True,False,0.0
1785878660788,SKIP,SKIP,,0.15000000000000002,0.5225,24.017422872659466,-1,0,DOWN,99479.01486874615,99425.55960606363,,True,False,0.0
1785879560788,SKIP,SKIP,,-0.25,0.4625,30.042669251524586,-1,0,DOWN,99425.55960606363,99407.98759975044,,True,False,0.0
1785880460788,SKIP,SKIP,,-0.25,0.4625,41.89426421675243,-1,0,UP,99407.98759975044,99522.05798430764,,True,False,0.0
1785881360788,SKIP,SKIP,,-0.15000000000000002,0.4775,74.6679223557465,1,0,DOWN,99522.05798430764,99401.92749717098,,True,False,0.0
1785882260788,SKIP,SKIP,,-0.25,0.4625,37.11676023629575,-1,0,UP,99401.92749717098,99407.62127253643,,True,False,0.0
1785883160788,SKIP,SKIP,,0.25,0.5375,44.711604065613045,1,0,UP,99407.62127253643,99444.58710008125,,True,False,0.0
1785884060788,SKIP,SKIP,,0.25,0.5375,51.11035173171413,1,0,DOWN,99444.58710008125,99263.16726516925,,True,False,0.0
1785884960788,SKIP,SKIP,,0.15000000000000002,0.5225,20.850046771139773,-1,0,UP,99263.16726516925,99306.18520592983,,True,False,0.0
1785885860788,SKIP,SKIP,,0.25,0.5375,41.16787181446,1,0,DOWN,99306.18520592983,99174.39485540474,,True,False,0.0
1785886760788,SKIP,SKIP,,0.15000000000000002,0.5225,19.153616317986405,-1,0,DOWN,99174.39485540474,99000.41549259886,,True,False,0.0
1785887660788,SKIP,SKIP,,0.15000000000000002,0.5225,19.95206973032215,-1,0,UP,99000.41549259886,99179.96970750019,,True,False,0.0
1785888560788,SKIP,SKIP,,-0.15000000000000002,0.4775,71.89838070829991,1,0,UP,99179.96970750019,99366.22252073,,True,False,0.0
1785889460788,SKIP,SKIP,,-0.15000000000000002,0.4775,89.45336879821339,1,0,UP,99366.22252073,99489.58145997659,,True,False,0.0
1785890360788,SKIP,SKIP,,-0.15000000000000002,0.4775,88.35472764735174,1,0,DOWN,99489.58145997659,99411.42696764594,,True,False,0.0
1785891260788,SKIP,SKIP,,-0.25,0.4625,43.42120791740273,-1,0,DOWN,99411.42696764594,99250.49581324849,,True,False,0.0
1785892160788,SKIP,SKIP,,0.15000000000000002,0.5225,17.954253432125796,-1,0,UP,99250.49581324849,99324.18902385335,,True,False,0.0
1785893060788,SKIP,SKIP,,0.25,0.5375,52.72626273939945,1,0,DOWN,99324.18902385335,99300.25002134919,,True,False,0.0
1785893960788,SKIP,SKIP,,-0.25,0.4625,41.02214316134412,-1,0,DOWN,99300.25002134919,99149.0653152871,,True,False,0.0
1785894860788,SKIP,SKIP,,0.15000000000000002,0.5225,11.335864485038655,-1,0,DOWN,99149.0653152871,99147.1360793316,,True,False,0.0
1785895760788,SKIP,SKIP,,0.15000000000000002,0.5225,27.75523583386631,-1,0,DOWN,99147.1360793316,98960.89148777768,,True,False,0.0
1785896660788,SKIP,SKIP,,0.15000000000000002,0.5225,18.960041650141434,-1,0,UP,98960.89148777768,99124.6196486092,,True,False,0.0
1785897560788,SKIP,SKIP,,0.25,0.5375,66.92503407491563,1,0,DOWN,99124.6196486092,99028.1316412492,,True,False,0.0
1785898460788,SKIP,SKIP,,-0.25,0.4625,40.86114976089815,-1,0,UP,99028.1316412492,99093.1405549908,,True,False,0.0
1785899360788,SKIP,SKIP,,0.25,0.5375,62.26316113774793,1,0,DOWN,99093.1405549908,99017.82498542656,,True,False,0.0
1785900260788,SKIP,SKIP,,-0.25,0.4625,38.05393456682794,-1,0,UP,99017.82498542656,99025.85219389768,,True,False,0.0
1785901160788,SKIP,SKIP,,0.25,0.5375,48.99137313896287,1,0,UP,99025.85219389768,99044.53630563499,,True,False,0.0
1785902060788,SKIP,SKIP,,0.25,0.5375,46.783143688622815,1,0,DOWN,99044.53630563499,98918.4780878452,,True,False,0.0
1785902960788,SKIP,SKIP,,0.15000000000000002,0.5225,25.449859090521585,-1,0,UP,98918.4780878452,99106.31193895102,,True,False,0.0
1785903860788,SKIP,SKIP,,-0.15000000000000002,0.4775,75.5596372705118,1,0,UP,99106.31193895102,99216.36506829548,,True,False,0.0
1785904760788,SKIP,SKIP,,-0.15000000000000002,0.4775,81.22449601331742,1,0,UP,99216.36506829548,99392.16464492115,,True,False,0.0
1785905660788,SKIP,SKIP,,-0.15000000000000002,0.4775,94.01526935884972,1,0,UP,99392.16464492115,99550.09558509222,,True,False,0.0
1785906560788,SKIP,SKIP,,-0.15000000000000002,0.4775,93.22571611263565,1,0,UP,99550.09558509222,99589.25557661665,,True,False,0.0
1785907460788,SKIP,SKIP,,-0.15000000000000002,0.4775,87.21094467359677,1,0,UP,99589.25557661665,99758.0052706259,,True,False,0.0
1785908360788,SKIP,SKIP,,-0.15000000000000002,0.4775,86.85989556237911,1,0,DOWN,99758.0052706259,99593.40227144667,,True,False,0.0
1785909260788,SKIP,SKIP,,0.15000000000000002,0.5225,29.591366489681533,-1,0,DOWN,99593.40227144667,99471.79541641433,,True,False,0.0
1785910160788,SKIP,SKIP,,0.15000000000000002,0.5225,17.63588259776138,-1,0,DOWN,99471.79541641433,99289.88633197855,,True,False,0.0
1785911060788,SKIP,SKIP,,0.15000000000000002,0.5225,13.100303182714356,-1,0,DOWN,99289.88633197855,99220.01846428386,,True,False,0.0
1785911960788,SKIP,SKIP,,0.15000000000000002,0.5225,19.466044632981152,-1,0,DOWN,99220.01846428386,99175.48938015965,,True,False,0.0
1785912860788,SKIP,SKIP,,0.15000000000000002,0.5225,23.414607936660005,-1,0,DOWN,99175.48938015965,99084.02899286921,,True,False,0.0
1785913760788,SKIP,SKIP,,0.15000000000000002,0.5225,22.851434624873093,-1,0,UP,99084.02899286921,99215.52399652998,,True,False,0.0
1785914660788,SKIP,SKIP,,0.25,0.5375,65.9036270093089,1,0,DOWN,99215.52399652998,99158.22532720742,,True,False,0.0
1785915560788,SKIP,SKIP,,-0.25,0.4625,44.44054940552514,-1,0,DOWN,99158.22532720742,99070.59913108237,,True,False,0.0
1785916460788,SKIP,SKIP,,0.15000000000000002,0.5225,25.85559367291222,-1,0,UP,99070.59913108237,99087.67756434568,,True,False,0.0
1785917360788,SKIP,SKIP,,0.25,0.5375,41.067061772747685,1,0,DOWN,99087.67756434568,98944.04725433559,,True,False,0.0
1785918260788,SKIP,SKIP,,0.15000000000000002,0.5225,19.87126956624219,-1,0,UP,98944.04725433559,99064.9260466372,,True,False,0.0
1785919160788,SKIP,SKIP,,0.25,0.5375,56.44209399613079,1,0,DOWN,99064.9260466372,98894.74630410911,,True,False,0.0
1785920060788,SKIP,SKIP,,0.15000000000000002,0.5225,27.011334985851335,-1,0,UP,98894.74630410911,99089.50107874932,,True,False,0.0
1785920960788,SKIP,SKIP,,-0.15000000000000002,0.4775,73.76527805872605,1,0,UP,99089.50107874932,99198.39898646799,,True,False,0.0
1785921860788,SKIP,SKIP,,-0.15000000000000002,0.4775,70.27233822485476,1,0,DOWN,99198.39898646799,99077.88525908165,,True,False,0.0
1785922760788,SKIP,SKIP,,-0.25,0.4625,31.196672922098102,-1,0,DOWN,99077.88525908165,98880.0941059311,,True,False,0.0
1785923660788,SKIP,SKIP,,0.15000000000000002,0.5225,16.696095716385287,-1,0,UP,98880.0941059311,99006.27867731304,,True,False,0.0
1785924560788,SKIP,SKIP,,0.25,0.5375,61.89166415011163,1,0,UP,99006.27867731304,99089.02161485208,,True,False,0.0
1785925460788,SKIP,SKIP,,-0.15000000000000002,0.4775,73.4969328170905,1,0,UP,99089.02161485208,99180.62448206848,,True,False,0.0
1785926360788,SKIP,SKIP,,-0.15000000000000002,0.4775,80.91283590118466,1,0,UP,99180.62448206848,99289.13262074286,,True,False,0.0
1785927260788,SKIP,SKIP,,-0.15000000000000002,0.4775,76.29683901246709,1,0,DOWN,99289.13262074286,99118.7504814365,,True,False,0.0
1785928160788,SKIP,SKIP,,0.15000000000000002,0.5225,29.87166483247087,-1,0,DOWN,99118.7504814365,99062.13677285421,,True,False,0.0
1785929060788,SKIP,SKIP,,0.15000000000000002,0.5225,27.732208528145534,-1,0,DOWN,99062.13677285421,98908.48439666427,,True,False,0.0
1785929960788,SKIP,SKIP,,0.15000000000000002,0.5225,26.666964561715204,-1,0,UP,98908.48439666427,99053.7257670145,,True,False,0.0
1785930860788,SKIP,SKIP,,0.25,0.5375,65.10998532652042,1,0,UP,99053.7257670145,99103.04501774552,,True,False,0.0
1785931760788,SKIP,SKIP,,0.25,0.5375,68.76586674006606,1,0,DOWN,99103.04501774552,99035.40422768658,,True,False,0.0
1785932660788,SKIP,SKIP,,-0.25,0.4625,30.923239691892704,-1,0,DOWN,99035.40422768658,98860.827567801,,True,False,0.0
1785933560788,SKIP,SKIP,,0.15000000000000002,0.5225,7.234751955487042,-1,0,DOWN,98860.827567801,98785.22049648727,,True,False,0.0
1785934460788,SKIP,SKIP,,0.15000000000000002,0.5225,16.026429376565986,-1,0,DOWN,98785.22049648727,98715.29382529797,,True,False,0.0
1785935360788,SKIP,SKIP,,-0.25,0.4625,30.42874017101414,-1,0,UP,98715.29382529797,98807.1362966332,,True,False,0.0
1785936260788,SKIP,SKIP,,0.25,0.5375,67.72793715296946,1,0,UP,98807.1362966332,98862.15928517528,,True,False,0.0
1785937160788,SKIP,SKIP,,-0.15000000000000002,0.4775,71.18412052813682,1,0,UP,98862.15928517528,99017.04438220582,,True,False,0.0
1785938060788,SKIP,SKIP,,-0.15000000000000002,0.4775,86.42522922005001,1,0,DOWN,99017.04438220582,99005.93035227059,,True,False,0.0
1785938960788,SKIP,SKIP,,-0.25,0.4625,56.599147442399044,-1,0,DOWN,99005.93035227059,98853.76805064591,,True,False,0.0
1785939860788,SKIP,SKIP,,0.15000000000000002,0.5225,28.633110260609158,-1,0,UP,98853.76805064591,98939.06596553512,,True,False,0.0
1785940760788,SKIP,SKIP,,0.25,0.5375,65.66751587261035,1,0,UP,98939.06596553512,99043.37998498188,,True,False,0.0
1785941660788,SKIP,SKIP,,-0.15000000000000002,0.4775,76.66666389992274,1,0,UP,99043.37998498188,99067.89086400968,,True,False,0.0
1785942560788,SKIP,SKIP,,-0.15000000000000002,0.4775,71.10533380231507,1,0,UP,99067.89086400968,99176.2777359915,,True,False,0.0
1785943460788,SKIP,SKIP,,-0.15000000000000002,0.4775,77.85048567716315,1,0,DOWN,99176.2777359915,99173.79597453726,,True,False,0.0
1785944360788,SKIP,SKIP,,-0.25,0.4625,62.395916109295015,-1,0,UP,99173.79597453726,99182.88910629007,,True,False,0.0
1785945260788,SKIP,SKIP,,0.25,0.5375,57.72822211469578,1,0,DOWN,99182.88910629007,99153.90551363348,,True,False,0.0
1785946160788,SKIP,SKIP,,-0.25,0.4625,38.06805294793169,-1,0,DOWN,99153.90551363348,98964.07316433112,,True,False,0.0
1785947060788,SKIP,SKIP,,0.15000000000000002,0.5225,8.823931472461041,-1,0,DOWN,98964.07316433112,98807.22973512844,,True,False,0.0
1785947960788,SKIP,SKIP,,0.15000000000000002,0.5225,5.7816699645412655,-1,0,DOWN,98807.22973512844,98619.80140940312,,True,False,0.0
1785948860788,SKIP,SKIP,,0.15000000000000002,0.5225,3.8365163887076363,-1,0,UP,98619.80140940312,98674.36557390864,,True,False,0.0
1785949760788,SKIP,SKIP,,0.25,0.5375,43.16503391101793,1,0,DOWN,98674.36557390864,98600.10796633917,,True,False,0.0
1785950660788,SKIP,SKIP,,0.15000000000000002,0.5225,25.754170483191587,-1,0,UP,98600.10796633917,98603.53624280506,,True,False,0.0
1785951560788,SKIP,SKIP,,0.25,0.5375,43.0059865003796,1,0,UP,98603.53624280506,98766.5628323755,,True,False,0.0
1785952460788,SKIP,SKIP,,-0.15000000000000002,0.4775,77.04973171293611,1,0,DOWN,98766.5628323755,98666.27972403505,,True,False,0.0
1785953360788,SKIP,SKIP,,-0.25,0.4625,36.3757725813009,-1,0,DOWN,98666.27972403505,98630.4328932493,,True,False,0.0
1785954260788,SKIP,SKIP,,-0.25,0.4625,43.919679991115075,-1,0,UP,98630.4328932493,98732.65334866651,,True,False,0.0
1785955160788,SKIP,SKIP,,0.25,0.5375,61.26186566665081,1,0,DOWN,98732.65334866651,98624.17261486316,,True,False,0.0
1785956060788,SKIP,SKIP,,0.15000000000000002,0.5225,24.984073543339534,-1,0,DOWN,98624.17261486316,98454.96457879468,,True,False,0.0
1785956960788,SKIP,SKIP,,0.15000000000000002,0.5225,8.539543295294223,-1,0,DOWN,98454.96457879468,98370.86515996019,,True,False,0.0
1785957860788,SKIP,SKIP,,0.15000000000000002,0.5225,13.266184812286298,-1,0,DOWN,98370.86515996019,98235.35367486179,,True,False,0.0
1785958760788,SKIP,SKIP,,0.15000000000000002,0.5225,21.563939751541724,-1,0,UP,98235.35367486179,98407.23273579883,,True,False,0.0
1785959660788,SKIP,SKIP,,-0.15000000000000002,0.4775,72.95118984953497,1,0,UP,98407.23273579883,98530.4808876246,,True,False,0.0
1785960560788,SKIP,SKIP,,-0.15000000000000002,0.4775,88.63961214042959,1,0,UP,98530.4808876246,98583.84239022876,,True,False,0.0
1785961460788,SKIP,SKIP,,-0.15000000000000002,0.4775,74.7023895975254,1,0,UP,98583.84239022876,98732.42662630384,,True,False,0.0
1785962360788,SKIP,SKIP,,-0.15000000000000002,0.4775,88.97699079364163,1,0,UP,98732.42662630384,98853.8954570635,,True,False,0.0
1785963260788,SKIP,SKIP,,-0.15000000000000002,0.4775,91.86637976116043,1,0,DOWN,98853.8954570635,98728.5234806179,,True,False,0.0
1785964160788,SKIP,SKIP,,-0.25,0.4625,37.39018804031134,-1,0,UP,98728.5234806179,98885.5470800139,,True,False,0.0
1785965060788,SKIP,SKIP,,-0.15000000000000002,0.4775,74.71391229986938,1,0,UP,98885.5470800139,98901.28397678016,,True,False,0.0
1785965960788,SKIP,SKIP,,0.25,0.5375,66.83341754408232,1,0,UP,98901.28397678016,99024.2600388458,,True,False,0.0
1785966860788,SKIP,SKIP,,-0.15000000000000002,0.4775,90.57953696443242,1,0,UP,99024.2600388458,99182.6965588152,,True,False,0.0
1785967760788,SKIP,SKIP,,-0.15000000000000002,0.4775,89.01690164603892,1,0,DOWN,99182.6965588152,99109.89794880393,,True,False,0.0
1785968660788,SKIP,SKIP,,-0.25,0.4625,46.25170623564978,-1,0,DOWN,99109.89794880393,98953.91871861501,,True,False,0.0
1785969560788,SKIP,SKIP,,0.15000000000000002,0.5225,17.775811696665087,-1,0,DOWN,98953.91871861501,98845.09278363179,,True,False,0.0
1785970460788,SKIP,SKIP,,0.15000000000000002,0.5225,12.397789308341814,-1,0,DOWN,98845.09278363179,98815.9358990823,,True,False,0.0
1785971360788,SKIP,SKIP,,-0.25,0.4625,38.00200482579928,-1,0,UP,98815.9358990823,98943.14180545129,,True,False,0.0
1785972260788,SKIP,SKIP,,-0.15000000000000002,0.4775,74.8203479756965,1,0,UP,98943.14180545129,99087.43403875383,,True,False,0.0
1785973160788,SKIP,SKIP,,-0.15000000000000002,0.4775,78.05868264604003,1,0,DOWN,99087.43403875383,98890.21489096631,,True,False,0.0
1785974060788,SKIP,SKIP,,0.15000000000000002,0.5225,29.29926415915908,-1,0,UP,98890.21489096631,98894.51381199734,,True,False,0.0
1785974960788,SKIP,SKIP,,0.25,0.5375,42.50292663182188,1,0,DOWN,98894.51381199734,98861.47821325685,,True,False,0.0
1785975860788,SKIP,SKIP,,-0.25,0.4625,36.64186906312999,-1,0,DOWN,98861.47821325685,98750.32133744514,,True,False,0.0
1785976760788,SKIP,SKIP,,0.15000000000000002,0.5225,16.4536415079843,-1,0,DOWN,98750.32133744514,98598.26748437862,,True,False,0.0
1785977660788,SKIP,SKIP,,0.15000000000000002,0.5225,10.119426781996864,-1,0,DOWN,98598.26748437862,98533.31355294008,,True,False,0.0
1785978560788,SKIP,SKIP,,0.15000000000000002,0.5225,29.077445240859944,-1,0,UP,98533.31355294008,98710.47743450508,,True,False,0.0
1785979460788,SKIP,SKIP,,-0.15000000000000002,0.4775,75.89310418692021,1,0,DOWN,98710.47743450508,98639.75860731339,,True,False,0.0
1785980360788,SKIP,SKIP,,-0.25,0.4625,43.25414233130375,-1,0,UP,98639.75860731339,98647.27485601073,,True,False,0.0
1785981260788,SKIP,SKIP,,-0.25,0.4625,50.737458286042056,-1,0,UP,98647.27485601073,98728.4824395688,,True,False,0.0
1785982160788,SKIP,SKIP,,-0.15000000000000002,0.4775,73.58923632387962,1,0,DOWN,98728.4824395688,98673.93428052052,,True,False,0.0
1785983060788,SKIP,SKIP,,-0.25,0.4625,52.11131320534647,-1,0,UP,98673.93428052052,98862.64711360891,,True,False,0.0
1785983960788,SKIP,SKIP,,-0.15000000000000002,0.4775,82.92036641854814,1,0,UP,98862.64711360891,99047.62603158575,,True,False,0.0
1785984860788,SKIP,SKIP,,-0.15000000000000002,0.4775,87.82407861482545,1,0,DOWN,99047.62603158575,98948.3389499159,,True,False,0.0
1785985760788,SKIP,SKIP,,-0.25,0.4625,46.818891677826464,-1,0,DOWN,98948.3389499159,98947.23835227285,,True,False,0.0
1785986660788,SKIP,SKIP,,-0.25,0.4625,45.44963960093606,-1,0,DOWN,98947.23835227285,98867.58967619955,,True,False,0.0
1785987560788,SKIP,SKIP,,0.15000000000000002,0.5225,24.113933046573692,-1,0,DOWN,98867.58967619955,98781.52587395054,,True,False,0.0
1785988460788,SKIP,SKIP,,0.15000000000000002,0.5225,18.248664559555706,-1,0,DOWN,98781.52587395054,98596.28065289235,,True,False,0.0
1785989360788,SKIP,SKIP,,0.15000000000000002,0.5225,10.727854357643125,-1,0,UP,98596.28065289235,98640.10638648432,,True,False,0.0
1785990260788,SKIP,SKIP,,0.25,0.5375,44.21889766438539,1,0,UP,98640.10638648432,98641.17799577586,,True,False,0.0
1785991160788,SKIP,SKIP,,-0.25,0.4625,45.809228099097126,-1,0,DOWN,98641.17799577586,98461.76949627585,,True,False,0.0
1785992060788,SKIP,SKIP,,0.15000000000000002,0.5225,14.188436613962608,-1,0,DOWN,98461.76949627585,98373.2280819705,,True,False,0.0
1785992960788,SKIP,SKIP,,0.15000000000000002,0.5225,20.71548275094868,-1,0,UP,98373.2280819705,98536.53443635716,,True,False,0.0
1785993860788,SKIP,SKIP,,0.25,0.5375,66.38249739870776,1,0,DOWN,98536.53443635716,98432.35919262395,,True,False,0.0
1785994760788,SKIP,SKIP,,-0.25,0.4625,33.319550190595706,-1,0,DOWN,98432.35919262395,98290.31714146043,,True,False,0.0
1785995660788,SKIP,SKIP,,0.15000000000000002,0.5225,20.349510637706913,-1,0,DOWN,98290.31714146043,98286.09824557145,,True,False,0.0
1785996560788,SKIP,SKIP,,0.25,0.5375,44.16133127324505,1,0,UP,98286.09824557145,98480.3584272157,,True,False,0.0
1785997460788,SKIP,SKIP,,-0.15000000000000002,0.4775,84.30716096356973,1,0,DOWN,98480.3584272157,98377.1805358203,,True,False,0.0
1785998360788,SKIP,SKIP,,-0.25,0.4625,45.13416960041631,-1,0,UP,98377.1805358203,98446.03475478265,,True,False,0.0
1785999260788,SKIP,SKIP,,0.25,0.5375,67.06199071266718,1,0,UP,98446.03475478265,98550.68260091414,,True,False,0.0
1786000160788,SKIP,SKIP,,-0.15000000000000002,0.4775,79.03441918202589,1,0,DOWN,98550.68260091414,98445.73761851109,,True,False,0.0
1786001060788,SKIP,SKIP,,-0.25,0.4625,40.65110269845193,-1,0,UP,98445.73761851109,98537.02415795584,,True,False,0.0
1786001960788,SKIP,SKIP,,0.25,0.5375,58.09732969250588,1,0,DOWN,98537.02415795584,98484.13741104354,,True,False,0.0
1786002860788,SKIP,SKIP,,-0.25,0.4625,44.26991761119671,-1,0,UP,98484.13741104354,98537.05974328097,,True,False,0.0
1786003760788,SKIP,SKIP,,0.25,0.5375,66.43985013837852,1,0,UP,98537.05974328097,98590.47162758533,,True,False,0.0
1786004660788,SKIP,SKIP,,0.25,0.5375,67.45647100768545,1,0,UP,98590.47162758533,98604.78150121523,,True,False,0.0
1786005560788,SKIP,SKIP,,0.25,0.5375,55.00285137142939,1,0,DOWN,98604.78150121523,98440.89740923699,,True,False,0.0
1786006460788,SKIP,SKIP,,0.15000000000000002,0.5225,22.76475023927108,-1,0,UP,98440.89740923699,98575.01840747269,,True,False,0.0
1786007360788,SKIP,SKIP,,0.25,0.5375,64.39672558161871,1,0,DOWN,98575.01840747269,98503.33043346138,,True,False,0.0
1786008260788,SKIP,SKIP,,-0.25,0.4625,39.76313733578171,-1,0,DOWN,98503.33043346138,98377.93783762131,,True,False,0.0
1786009160788,SKIP,SKIP,,0.15000000000000002,0.5225,14.14821763139119,-1,0,DOWN,98377.93783762131,98194.24789424322,,True,False,0.0
1786010060788,SKIP,SKIP,,0.15000000000000002,0.5225,4.204836997346419,-1,0,UP,98194.24789424322,98230.60507151851,,True,False,0.0
1786010960788,SKIP,SKIP,,0.25,0.5375,45.28793189846059,1,0,UP,98230.60507151851,98301.63081625542,,True,False,0.0
1786011860788,SKIP,SKIP,,0.25,0.5375,53.45393278613243,1,0,DOWN,98301.63081625542,98108.26594782656,,True,False,0.0
1786012760788,SKIP,SKIP,,0.15000000000000002,0.5225,22.686853404746216,-1,0,UP,98108.26594782656,98113.10317114627,,True,False,0.0
1786013660788,SKIP,SKIP,,-0.25,0.4625,34.18474971633624,-1,0,DOWN,98113.10317114627,98003.70148122545,,True,False,0.0
1786014560788,SKIP,SKIP,,0.15000000000000002,0.5225,21.143908614383378,-1,0,UP,98003.70148122545,98061.77059738923,,True,False,0.0
1786015460788,SKIP,SKIP,,0.25,0.5375,52.133814935173156,1,0,DOWN,98061.77059738923,97931.51716899122,,True,False,0.0
1786016360788,SKIP,SKIP,,0.15000000000000002,0.5225,21.994950498311482,-1,0,UP,97931.51716899122,98007.89226423221,,True,False,0.0
1786017260788,SKIP,SKIP,,0.25,0.5375,54.13102062536323,1,0,DOWN,98007.89226423221,97962.58640275242,,True,False,0.0
1786018160788,SKIP,SKIP,,-0.25,0.4625,44.106124663324806,-1,0,UP,97962.58640275242,98137.27839824712,,True,False,0.0
1786019060788,SKIP,SKIP,,-0.15000000000000002,0.4775,75.14634353552765,1,0,DOWN,98137.27839824712,97992.28677590551,,True,False,0.0
1786019960788,SKIP,SKIP,,0.15000000000000002,0.5225,29.807646807682275,-1,0,DOWN,97992.28677590551,97928.71331632561,,True,False,0.0
1786020860788,SKIP,SKIP,,0.15000000000000002,0.5225,21.6259143362513,-1,0,DOWN,97928.71331632561,97774.10272482185,,True,False,0.0
1786021760788,SKIP,SKIP,,0.15000000000000002,0.5225,24.443638474341057,-1,0,UP,97774.10272482185,97943.98017213328,,True,False,0.0
1786022660788,SKIP,SKIP,,-0.15000000000000002,0.4775,74.21552382194216,1,0,UP,97943.98017213328,98094.91591348567,,True,False,0.0
1786023560788,SKIP,SKIP,,-0.15000000000000002,0.4775,85.65814593957012,1,0,DOWN,98094.91591348567,97998.09256457174,,True,False,0.0
1786024460788,SKIP,SKIP,,-0.25,0.4625,45.05348935886501,-1,0,UP,97998.09256457174,98062.08618298541,,True,False,0.0
1786025360788,SKIP,SKIP,,0.25,0.5375,67.98008259550252,1,0,UP,98062.08618298541,98188.9750630659,,True,False,0.0
1786026260788,SKIP,SKIP,,-0.15000000000000002,0.4775,85.28147509306268,1,0,UP,98188.9750630659,98211.05538770568,,True,False,0.0
1786027160788,SKIP,SKIP,,0.25,0.5375,66.18890153247722,1,0,UP,98211.05538770568,98222.91561904809,,True,False,0.0
1786028060788,SKIP,SKIP,,0.25,0.5375,55.57013003199665,1,0,DOWN,98222.91561904809,98119.65653540827,,True,False,0.0
1786028960788,SKIP,SKIP,,0.15000000000000002,0.5225,21.20944158541576,-1,0,DOWN,98119.65653540827,97956.89764253063,,True,False,0.0
1786029860788,SKIP,SKIP,,0.15000000000000002,0.5225,18.508347504526313,-1,0,UP,97956.89764253063,98115.78394571196,,True,False,0.0
1786030760788,SKIP,SKIP,,0.25,0.5375,68.88423202299464,1,0,UP,98115.78394571196,98275.95116857729,,True,False,0.0
1786031660788,SKIP,SKIP,,-0.15000000000000002,0.4775,89.78782155825917,1,0,UP,98275.95116857729,98329.19175148659,,True,False,0.0
1786032560788,SKIP,SKIP,,-0.15000000000000002,0.4775,71.24729388666775,1,0,DOWN,98329.19175148659,98264.80366790608,,True,False,0.0
1786033460788,SKIP,SKIP,,-0.25,0.4625,39.626386884160425,-1,0,DOWN,98264.80366790608,98204.48749775114,,True,False,0.0
1786034360788,SKIP,SKIP,,0.15000000000000002,0.5225,28.493454258738268,-1,0,UP,98204.48749775114,98294.86976929923,,True,False,0.0
1786035260788,SKIP,SKIP,,-0.15000000000000002,0.4775,72.4423456553606,1,0,UP,98294.86976929923,98453.71387328026,,True,False,0.0
1786036160788,SKIP,SKIP,,-0.15000000000000002,0.4775,89.93872109731174,1,0,UP,98453.71387328026,98608.5484429863,,True,False,0.0
1786037060788,SKIP,SKIP,,-0.15000000000000002,0.4775,84.55227053858975,1,0,UP,98608.5484429863,98720.49866132934,,True,False,0.0
1786037960788,SKIP,SKIP,,-0.15000000000000002,0.4775,91.11422488078162,1,0,UP,98720.49866132934,98777.31131979106,,True,False,0.0
1786038860788,SKIP,SKIP,,-0.15000000000000002,0.4775,74.5755070834842,1,0,DOWN,98777.31131979106,98610.96730578908,,True,False,0.0
1786039760788,SKIP,SKIP,,0.15000000000000002,0.5225,22.68203635016937,-1,0,DOWN,98610.96730578908,98475.61879142692,,True,False,0.0
1786040660788,SKIP,SKIP,,0.15000000000000002,0.5225,20.592621533675455,-1,0,UP,98475.61879142692,98635.04046683776,,True,False,0.0
1786041560788,SKIP,SKIP,,0.25,0.5375,66.08594460164011,1,0,UP,98635.04046683776,98677.6120907016,,True,False,0.0
1786042460788,SKIP,SKIP,,0.25,0.5375,61.43452158446317,1,0,DOWN,98677.6120907016,98481.29091134826,,True,False,0.0
1786043360788,SKIP,SKIP,,0.15000000000000002,0.5225,17.228399905000472,-1,0,DOWN,98481.29091134826,98321.87952849467,,True,False,0.0
1786044260788,SKIP,SKIP,,0.15000000000000002,0.5225,12.33147559202493,-1,0,UP,98321.87952849467,98387.28023613789,,True,False,0.0
1786045160788,SKIP,SKIP,,0.25,0.5375,42.082972920129905,1,0,DOWN,98387.28023613789,98189.30486967637,,True,False,0.0
1786046060788,SKIP,SKIP,,0.15000000000000002,0.5225,13.960747182526802,-1,0,DOWN,98189.30486967637,98053.62809024338,,True,False,0.0
1786046960788,SKIP,SKIP,,0.15000000000000002,0.5225,9.141887854353172,-1,0,UP,98053.62809024338,98073.12160599002,,True,False,0.0
1786047860788,SKIP,SKIP,,0.25,0.5375,41.855158764756,1,0,UP,98073.12160599002,98149.87968506709,,True,False,0.0
1786048760788,SKIP,SKIP,,0.25,0.5375,62.64098336653952,1,0,UP,98149.87968506709,98210.66418886813,,True,False,0.0
1786049660788,SKIP,SKIP,,0.25,0.5375,65.62749938538346,1,0,DOWN,98210.66418886813,98100.37191265235,,True,False,0.0
1786050560788,SKIP,SKIP,,-0.25,0.4625,31.13000140897455,-1,0,UP,98100.37191265235,98185.24360119137,,True,False,0.0
1786051460788,SKIP,SKIP,,0.25,0.5375,61.85390074718115,1,0,DOWN,98185.24360119137,98080.14323619008,,True,False,0.0
1786052360788,SKIP,SKIP,,0.15000000000000002,0.5225,25.72848800928469,-1,0,DOWN,98080.14323619008,98010.30311545379,,True,False,0.0
1786053260788,SKIP,SKIP,,0.15000000000000002,0.5225,22.783335704661482,-1,0,UP,98010.30311545379,98108.899677501,,True,False,0.0
1786054160788,SKIP,SKIP,,-0.15000000000000002,0.4775,72.8791563189269,1,0,UP,98108.899677501,98168.75283711989,,True,False,0.0
1786055060788,SKIP,SKIP,,-0.15000000000000002,0.4775,72.81962260232038,1,0,UP,98168.75283711989,98308.44220131755,,True,False,0.0
1786055960788,SKIP,SKIP,,-0.15000000000000002,0.4775,92.28540498974674,1,0,UP,98308.44220131755,98371.48735823769,,True,False,0.0
1786056860788,SKIP,SKIP,,-0.15000000000000002,0.4775,79.24057476809963,1,0,UP,98371.48735823769,98398.81079957187,,True,False,0.0
1786057760788,SKIP,SKIP,,0.25,0.5375,60.63837568842507,1,0,DOWN,98398.81079957187,98236.28070670311,,True,False,0.0
1786058660788,SKIP,SKIP,,0.15000000000000002,0.5225,17.091930276995924,-1,0,DOWN,98236.28070670311,98183.36702792688,,True,False,0.0
1786059560788,SKIP,SKIP,,0.15000000000000002,0.5225,15.71650693634956,-1,0,DOWN,98183.36702792688,98089.44797499958,,True,False,0.0
1786060460788,SKIP,SKIP,,0.15000000000000002,0.5225,16.15500599042555,-1,0,DOWN,98089.44797499958,97987.04383235122,,True,False,0.0
1786061360788,SKIP,SKIP,,0.15000000000000002,0.5225,20.99914633540112,-1,0,UP,97987.04383235122,98176.2480542522,,True,False,0.0
1786062260788,SKIP,SKIP,,-0.15000000000000002,0.4775,75.52148387191185,1,0,DOWN,98176.2480542522,98133.4871441189,,True,False,0.0
1786063160788,SKIP,SKIP,,-0.25,0.4625,55.488570746088456,-1,0,UP,98133.4871441189,98290.30576618975,,True,False,0.0
1786064060788,SKIP,SKIP,,-0.15000000000000002,0.4775,76.58397029940427,1,0,UP,98290.30576618975,98342.76121658865,,True,False,0.0
1786064960788,SKIP,SKIP,,-0.15000000000000002,0.4775,79.20344446638379,1,0,UP,98342.76121658865,98460.68573800531,,True,False,0.0
1786065860788,SKIP,SKIP,,-0.15000000000000002,0.4775,88.2040560365802,1,0,UP,98460.68573800531,98461.74057524739,,True,False,0.0
1786066760788,SKIP,SKIP,,0.25,0.5375,64.3753488525077,1,0,UP,98461.74057524739,98492.50212909793,,True,False,0.0
1786067660788,SKIP,SKIP,,0.25,0.5375,64.53162517262217,1,0,DOWN,98492.50212909793,98489.50920662549,,True,False,0.0
1786068560788,SKIP,SKIP,,-0.25,0.4625,48.488009733308225,-1,0,DOWN,98489.50920662549,98367.6064017447,,True,False,0.0
1786069460788,SKIP,SKIP,,0.15000000000000002,0.5225,29.97767997370744,-1,0,UP,98367.6064017447,98456.58724784931,,True,False,0.0
1786070360788,SKIP,SKIP,,0.25,0.5375,54.90284553532867,1,0,DOWN,98456.58724784931,98368.89619282565,,True,False,0.0
1786071260788,SKIP,SKIP,,0.15000000000000002,0.5225,27.49337500498838,-1,0,DOWN,98368.89619282565,98178.62257939823,,True,False,0.0
1786072160788,SKIP,SKIP,,0.15000000000000002,0.5225,9.307311949823273,-1,0,UP,98178.62257939823,98236.8114977611,,True,False,0.0
1786073060788,SKIP,SKIP,,0.25,0.5375,42.11158483072094,1,0,DOWN,98236.8114977611,98107.65576952392,,True,False,0.0
1786073960788,SKIP,SKIP,,0.15000000000000002,0.5225,20.58440141468536,-1,0,UP,98107.65576952392,98283.83920326509,,True,False,0.0
1786074860788,SKIP,SKIP,,-0.15000000000000002,0.4775,77.18322932683633,1,0,UP,98283.83920326509,98465.41063406612,,True,False,0.0
1786075760788,SKIP,SKIP,,-0.15000000000000002,0.4775,91.30969431415123,1,0,UP,98465.41063406612,98631.35639015431,,True,False,0.0
1786076660788,SKIP,SKIP,,-0.15000000000000002,0.4775,90.83925230113076,1,0,DOWN,98631.35639015431,98579.41987025649,,True,False,0.0
1786077560788,SKIP,SKIP,,-0.25,0.4625,50.67504931573609,-1,0,DOWN,98579.41987025649,98385.60251686804,,True,False,0.0
1786078460788,SKIP,SKIP,,0.15000000000000002,0.5225,22.44347120402064,-1,0,UP,98385.60251686804,98556.92994190313,,True,False,0.0
1786079360788,SKIP,SKIP,,0.25,0.5375,68.346246090155,1,0,DOWN,98556.92994190313,98528.20360123005,,True,False,0.0
1786080260788,SKIP,SKIP,,-0.25,0.4625,54.77907237346047,-1,0,UP,98528.20360123005,98714.86552884751,,True,False,0.0
1786081160788,SKIP,SKIP,,-0.15000000000000002,0.4775,84.62745556629558,1,0,UP,98714.86552884751,98900.31351968322,,True,False,0.0
1786082060788,SKIP,SKIP,,-0.15000000000000002,0.4775,95.13558721279784,1,0,UP,98900.31351968322,99041.51730187016,,True,False,0.0
1786082960788,SKIP,SKIP,,-0.15000000000000002,0.4775,80.79151963104665,1,0,DOWN,99041.51730187016,98959.296858698,,True,False,0.0
1786083860788,SKIP,SKIP,,-0.25,0.4625,43.246457824619526,-1,0,DOWN,98959.296858698,98913.33595013877,,True,False,0.0
1786084760788,SKIP,SKIP,,-0.25,0.4625,43.67047462507477,-1,0,UP,98913.33595013877,99053.79061874552,,True,False,0.0
1786085660788,SKIP,SKIP,,0.25,0.5375,67.2838799531794,1,0,DOWN,99053.79061874552,98980.55942080803,,True,False,0.0
1786086560788,SKIP,SKIP,,-0.25,0.4625,39.48335832472748,-1,0,DOWN,98980.55942080803,98848.35651948246,,True,False,0.0
1786087460788,SKIP,SKIP,,0.15000000000000002,0.5225,18.577307555466206,-1,0,UP,98848.35651948246,98871.0770244658,,True,False,0.0
1786088360788,SKIP,SKIP,,0.25,0.5375,46.72674416509741,1,0,UP,98871.0770244658,99045.53893413012,,True,False,0.0
1786089260788,SKIP,SKIP,,-0.15000000000000002,0.4775,80.71184106740768,1,0,UP,99045.53893413012,99123.9508528001,,True,False,0.0
1786090160788,SKIP,SKIP,,-0.15000000000000002,0.4775,78.21086629719966,1,0,UP,99123.9508528001,99151.97532083585,,True,False,0.0
1786091060788,SKIP,SKIP,,0.25,0.5375,65.61948973006932,1,0,DOWN,99151.97532083585,98990.84591834416,,True,False,0.0
1786091960788,SKIP,SKIP,,0.15000000000000002,0.5225,21.980426943308586,-1,0,UP,98990.84591834416,99036.84880902382,,True,False,0.0
1786092860788,SKIP,SKIP,,0.25,0.5375,56.083184463641274,1,0,UP,99036.84880902382,99232.87034906553,,True,False,0.0
1786093760788,SKIP,SKIP,,-0.15000000000000002,0.4775,77.66537373844538,1,0,DOWN,99232.87034906553,99088.90395516015,,True,False,0.0
1786094660788,SKIP,SKIP,,-0.25,0.4625,35.690208813924116,-1,0,UP,99088.90395516015,99096.23581610565,,True,False,0.0
1786095560788,SKIP,SKIP,,0.25,0.5375,52.29987822075609,1,0,UP,99096.23581610565,99247.18504487682,,True,False,0.0
1786096460788,SKIP,SKIP,,-0.15000000000000002,0.4775,80.06152176629375,1,0,UP,99247.18504487682,99343.49249197851,,True,False,0.0
1786097360788,SKIP,SKIP,,-0.15000000000000002,0.4775,83.68576963710434,1,0,UP,99343.49249197851,99422.29878837662,,True,False,0.0
1786098260788,SKIP,SKIP,,-0.15000000000000002,0.4775,88.33375218670568,1,0,UP,99422.29878837662,99503.29242197146,,True,False,0.0
1786099160788,SKIP,SKIP,,-0.15000000000000002,0.4775,74.97861105412997,1,0,DOWN,99503.29242197146,99447.08888245937,,True,False,0.0
1786100060788,SKIP,SKIP,,-0.25,0.4625,46.89179387115731,-1,0,DOWN,99447.08888245937,99364.52562016516,,True,False,0.0
1786100960788,SKIP,SKIP,,-0.25,0.4625,34.764712302386144,-1,0,UP,99364.52562016516,99488.27008235657,,True,False,0.0
1786101860788,SKIP,SKIP,,0.25,0.5375,68.60118762262849,1,0,UP,99488.27008235657,99612.31544022824,,True,False,0.0
1786102760788,SKIP,SKIP,,-0.15000000000000002,0.4775,87.03946814902974,1,0,UP,99612.31544022824,99759.14436766028,,True,False,0.0
1786103660788,SKIP,SKIP,,-0.15000000000000002,0.4775,94.25539913054041,1,0,UP,99759.14436766028,99924.44058868286,,True,False,0.0
1786104560788,SKIP,SKIP,,-0.15000000000000002,0.4775,95.24354106684952,1,0,UP,99924.44058868286,99928.97754822724,,True,False,0.0
1786105460788,SKIP,SKIP,,-0.15000000000000002,0.4775,72.98350578608421,1,0,UP,99928.97754822724,99929.58406610212,,True,False,0.0
1786106360788,SKIP,SKIP,,-0.25,0.4625,61.47762902996943,-1,0,UP,99929.58406610212,100048.90213768883,,True,False,0.0
1786107260788,SKIP,SKIP,,-0.15000000000000002,0.4775,76.29948027509016,1,0,UP,100048.90213768883,100108.88770999994,,True,False,0.0
1786108160788,SKIP,SKIP,,-0.15000000000000002,0.4775,76.56119516376876,1,0,UP,100108.88770999994,100189.67446090301,,True,False,0.0
1786109060788,SKIP,SKIP,,-0.15000000000000002,0.4775,74.47991394446304,1,0,UP,100189.67446090301,100307.99152867745,,True,False,0.0
1786109960788,SKIP,SKIP,,-0.15000000000000002,0.4775,86.98341831603648,1,0,UP,100307.99152867745,100463.99366540447,,True,False,0.0
1786110860788,SKIP,SKIP,,-0.15000000000000002,0.4775,92.46073825221971,1,0,DOWN,100463.99366540447,100399.19172814509,,True,False,0.0
1786111760788,SKIP,SKIP,,-0.25,0.4625,49.473654569039525,-1,0,DOWN,100399.19172814509,100349.42490920107,,True,False,0.0
1786112660788,SKIP,SKIP,,-0.25,0.4625,33.31591775447393,-1,0,DOWN,100349.42490920107,100187.01768513743,,True,False,0.0
1786113560788,SKIP,SKIP,,0.15000000000000002,0.5225,15.254021193706492,-1,0,UP,100187.01768513743,100218.3297415359,,True,False,0.0
1786114460788,SKIP,SKIP,,0.25,0.5375,38.208317414998795,1,0,DOWN,100218.3297415359,100032.7066510546,,True,False,0.0
1786115360788,SKIP,SKIP,,0.15000000000000002,0.5225,10.750286644931464,-1,0,DOWN,100032.7066510546,100018.94585830759,,True,False,0.0
1786116260788,SKIP,SKIP,,-0.25,0.4625,31.93874579995162,-1,0,UP,100018.94585830759,100036.00371219062,,True,False,0.0
